[
  {
    "model": "mailing.client",
    "pk": 1,
    "fields": {
      "email": "test@test.test",
      "name": "Test Test Test",
      "comments": "Test"
    }
  },
  {
    "model": "mailing.client",
    "pk": 4,
    "fields": {
      "email": "Test2@test2.test",
      "name": "Test2",
      "comments": ""
    }
  },
  {
    "model": "mailing.client",
    "pk": 5,
    "fields": {
      "email": "Krasnoruzhskayamarina@yandex.ru",
      "name": "Test",
      "comments": ""
    }
  },
  {
    "model": "mailing.client",
    "pk": 6,
    "fields": {
      "email": "test@mail.ru",
      "name": "Test mail",
      "comments": ""
    }
  },
  {
    "model": "mailing.message",
    "pk": 1,
    "fields": {
      "theme": "Test3",
      "body": "Test test test!!!!"
    }
  },
  {
    "model": "mailing.message",
    "pk": 2,
    "fields": {
      "theme": "Test4",
      "body": "gjgsnrf 4"
    }
  },
  {
    "model": "mailing.message",
    "pk": 3,
    "fields": {
      "theme": "New test",
      "body": "AAAA!!!!!!!!!!!!"
    }
  },
  {
    "model": "mailing.message",
    "pk": 4,
    "fields": {
      "theme": "Новая акция!",
      "body": "Скидки 80%"
    }
  },
  {
    "model": "mailing.mailingsettings",
    "pk": 1,
    "fields": {
      "start_datetime": "2024-07-24T00:40:00Z",
      "end_datetime": "2024-07-25T03:40:00Z",
      "periodicity": "once a week",
      "mailing_status": "completed",
      "message": 1,
      "clients": [
        4
      ]
    }
  },
  {
    "model": "mailing.mailingsettings",
    "pk": 2,
    "fields": {
      "start_datetime": "2024-07-24T22:00:00Z",
      "end_datetime": "2024-07-30T00:40:00Z",
      "periodicity": "once a day",
      "mailing_status": "completed",
      "message": 1,
      "clients": [
        4,
        5
      ]
    }
  },
  {
    "model": "mailing.mailingsettings",
    "pk": 3,
    "fields": {
      "start_datetime": "2024-07-25T10:40:00Z",
      "end_datetime": "2024-07-30T10:40:00Z",
      "periodicity": "once a day",
      "mailing_status": "completed",
      "message": 1,
      "clients": [
        1,
        4,
        5
      ]
    }
  },
  {
    "model": "mailing.mailingsettings",
    "pk": 4,
    "fields": {
      "start_datetime": "2024-07-25T10:40:00Z",
      "end_datetime": "2024-07-30T10:40:00Z",
      "periodicity": "once a day",
      "mailing_status": "completed",
      "message": 1,
      "clients": [
        5
      ]
    }
  },
  {
    "model": "mailing.mailingsettings",
    "pk": 5,
    "fields": {
      "start_datetime": "2024-07-25T13:43:06Z",
      "end_datetime": "2024-07-27T13:43:18Z",
      "periodicity": "once a day",
      "mailing_status": "completed",
      "message": 2,
      "clients": [
        5
      ]
    }
  },
  {
    "model": "mailing.mailingsettings",
    "pk": 6,
    "fields": {
      "start_datetime": "2024-07-25T10:40:00Z",
      "end_datetime": "2024-07-30T00:40:00Z",
      "periodicity": "once a day",
      "mailing_status": "completed",
      "message": 3,
      "clients": [
        5
      ]
    }
  },
  {
    "model": "mailing.mailingsettings",
    "pk": 7,
    "fields": {
      "start_datetime": "2024-07-25T20:40:00Z",
      "end_datetime": "2024-07-30T10:40:00Z",
      "periodicity": "once a month",
      "mailing_status": "completed",
      "message": 3,
      "clients": [
        5
      ]
    }
  },
  {
    "model": "mailing.mailingsettings",
    "pk": 9,
    "fields": {
      "start_datetime": "2024-07-27T13:19:05Z",
      "end_datetime": "2024-07-29T13:19:13Z",
      "periodicity": "once a day",
      "mailing_status": "completed",
      "message": 4,
      "clients": [
        5
      ]
    }
  },
  {
    "model": "mailing.mailingsettings",
    "pk": 10,
    "fields": {
      "start_datetime": "2024-07-27T13:31:47Z",
      "end_datetime": "2024-07-28T13:32:02Z",
      "periodicity": "once a day",
      "mailing_status": "completed",
      "message": 4,
      "clients": [
        5
      ]
    }
  },
  {
    "model": "mailing.mailingsettings",
    "pk": 11,
    "fields": {
      "start_datetime": "2024-07-27T20:34:10Z",
      "end_datetime": "2024-07-28T20:34:19Z",
      "periodicity": "once a day",
      "mailing_status": "completed",
      "message": 4,
      "clients": [
        5
      ]
    }
  },
  {
    "model": "mailing.mailingsettings",
    "pk": 12,
    "fields": {
      "start_datetime": "2024-07-27T20:44:24Z",
      "end_datetime": "2024-07-29T20:44:29Z",
      "periodicity": "once a day",
      "mailing_status": "completed",
      "message": 4,
      "clients": [
        5
      ]
    }
  },
  {
    "model": "mailing.mailingsettings",
    "pk": 13,
    "fields": {
      "start_datetime": "2024-08-23T18:00:00Z",
      "end_datetime": "2024-08-30T18:00:00Z",
      "periodicity": "once a day",
      "mailing_status": "launched",
      "message": 4,
      "clients": [
        5,
        6
      ]
    }
  },
  {
    "model": "mailing.mailingattempt",
    "pk": 1,
    "fields": {
      "datetime_last_try": "2024-07-25T12:46:51.043Z",
      "attempt_status": "Successfully",
      "response_mail_server": "django.core.mail.backends.smtp.EmailBackend",
      "mailing": 1
    }
  },
  {
    "model": "mailing.mailingattempt",
    "pk": 2,
    "fields": {
      "datetime_last_try": "2024-07-25T12:46:59.031Z",
      "attempt_status": "Successfully",
      "response_mail_server": "django.core.mail.backends.smtp.EmailBackend",
      "mailing": 2
    }
  },
  {
    "model": "mailing.mailingattempt",
    "pk": 4,
    "fields": {
      "datetime_last_try": "2024-07-25T13:26:05.312Z",
      "attempt_status": "Successfully",
      "response_mail_server": "",
      "mailing": 3
    }
  },
  {
    "model": "mailing.mailingattempt",
    "pk": 9,
    "fields": {
      "datetime_last_try": "2024-07-25T21:07:02.493Z",
      "attempt_status": "Successfully",
      "response_mail_server": "",
      "mailing": 5
    }
  },
  {
    "model": "mailing.mailingattempt",
    "pk": 10,
    "fields": {
      "datetime_last_try": "2024-07-25T21:07:03.212Z",
      "attempt_status": "Successfully",
      "response_mail_server": "",
      "mailing": 4
    }
  },
  {
    "model": "mailing.mailingattempt",
    "pk": 11,
    "fields": {
      "datetime_last_try": "2024-07-25T21:10:02.423Z",
      "attempt_status": "Successfully",
      "response_mail_server": "",
      "mailing": 6
    }
  },
  {
    "model": "mailing.mailingattempt",
    "pk": 12,
    "fields": {
      "datetime_last_try": "2024-07-25T21:53:02.124Z",
      "attempt_status": "Successfully",
      "response_mail_server": "",
      "mailing": 7
    }
  },
  {
    "model": "mailing.mailingattempt",
    "pk": 13,
    "fields": {
      "datetime_last_try": "2024-07-25T21:59:02.628Z",
      "attempt_status": "Successfully",
      "response_mail_server": "",
      "mailing": 7
    }
  },
  {
    "model": "mailing.mailingattempt",
    "pk": 14,
    "fields": {
      "datetime_last_try": "2024-07-25T22:00:02.993Z",
      "attempt_status": "Successfully",
      "response_mail_server": "",
      "mailing": 7
    }
  },
  {
    "model": "mailing.mailingattempt",
    "pk": 15,
    "fields": {
      "datetime_last_try": "2024-07-25T22:01:03.751Z",
      "attempt_status": "Successfully",
      "response_mail_server": "",
      "mailing": 7
    }
  },
  {
    "model": "mailing.mailingattempt",
    "pk": 16,
    "fields": {
      "datetime_last_try": "2024-07-25T22:07:03.031Z",
      "attempt_status": "Successfully",
      "response_mail_server": "",
      "mailing": 7
    }
  },
  {
    "model": "mailing.mailingattempt",
    "pk": 17,
    "fields": {
      "datetime_last_try": "2024-07-25T22:13:02.764Z",
      "attempt_status": "Successfully",
      "response_mail_server": "",
      "mailing": 7
    }
  },
  {
    "model": "mailing.mailingattempt",
    "pk": 18,
    "fields": {
      "datetime_last_try": "2024-07-25T22:24:02.541Z",
      "attempt_status": "Successfully",
      "response_mail_server": "",
      "mailing": 7
    }
  },
  {
    "model": "mailing.mailingattempt",
    "pk": 19,
    "fields": {
      "datetime_last_try": "2024-07-26T13:48:30.862Z",
      "attempt_status": "Successfully",
      "response_mail_server": "",
      "mailing": 3
    }
  },
  {
    "model": "mailing.mailingattempt",
    "pk": 20,
    "fields": {
      "datetime_last_try": "2024-07-26T13:48:31.858Z",
      "attempt_status": "Successfully",
      "response_mail_server": "",
      "mailing": 2
    }
  },
  {
    "model": "mailing.mailingattempt",
    "pk": 21,
    "fields": {
      "datetime_last_try": "2024-07-27T07:34:02.980Z",
      "attempt_status": "Successfully",
      "response_mail_server": "",
      "mailing": 6
    }
  },
  {
    "model": "mailing.mailingattempt",
    "pk": 22,
    "fields": {
      "datetime_last_try": "2024-07-27T07:34:04.091Z",
      "attempt_status": "Successfully",
      "response_mail_server": "",
      "mailing": 5
    }
  },
  {
    "model": "mailing.mailingattempt",
    "pk": 23,
    "fields": {
      "datetime_last_try": "2024-07-27T07:34:04.666Z",
      "attempt_status": "Successfully",
      "response_mail_server": "",
      "mailing": 4
    }
  },
  {
    "model": "mailing.mailingattempt",
    "pk": 24,
    "fields": {
      "datetime_last_try": "2024-07-27T13:27:48.174Z",
      "attempt_status": "Successfully",
      "response_mail_server": "",
      "mailing": 9
    }
  },
  {
    "model": "mailing.mailingattempt",
    "pk": 25,
    "fields": {
      "datetime_last_try": "2024-07-27T13:34:02.078Z",
      "attempt_status": "Successfully",
      "response_mail_server": "",
      "mailing": 10
    }
  },
  {
    "model": "mailing.mailingattempt",
    "pk": 26,
    "fields": {
      "datetime_last_try": "2024-07-27T13:49:03.109Z",
      "attempt_status": "Successfully",
      "response_mail_server": "",
      "mailing": 3
    }
  },
  {
    "model": "mailing.mailingattempt",
    "pk": 27,
    "fields": {
      "datetime_last_try": "2024-07-27T13:49:03.969Z",
      "attempt_status": "Successfully",
      "response_mail_server": "",
      "mailing": 2
    }
  },
  {
    "model": "mailing.mailingattempt",
    "pk": 28,
    "fields": {
      "datetime_last_try": "2024-07-27T20:35:00.308Z",
      "attempt_status": "Successfully",
      "response_mail_server": "",
      "mailing": 11
    }
  },
  {
    "model": "mailing.mailingattempt",
    "pk": 29,
    "fields": {
      "datetime_last_try": "2024-07-27T20:44:57.309Z",
      "attempt_status": "Successfully",
      "response_mail_server": "",
      "mailing": 12
    }
  },
  {
    "model": "mailing.mailingattempt",
    "pk": 30,
    "fields": {
      "datetime_last_try": "2024-07-28T09:48:50.000Z",
      "attempt_status": "Successfully",
      "response_mail_server": "",
      "mailing": 6
    }
  },
  {
    "model": "mailing.mailingattempt",
    "pk": 31,
    "fields": {
      "datetime_last_try": "2024-07-28T09:48:50.859Z",
      "attempt_status": "Successfully",
      "response_mail_server": "",
      "mailing": 4
    }
  },
  {
    "model": "mailing.mailingattempt",
    "pk": 32,
    "fields": {
      "datetime_last_try": "2024-07-29T07:47:01.804Z",
      "attempt_status": "Successfully",
      "response_mail_server": "",
      "mailing": 12
    }
  },
  {
    "model": "mailing.mailingattempt",
    "pk": 33,
    "fields": {
      "datetime_last_try": "2024-07-29T07:47:02.630Z",
      "attempt_status": "Successfully",
      "response_mail_server": "",
      "mailing": 9
    }
  },
  {
    "model": "mailing.mailingattempt",
    "pk": 34,
    "fields": {
      "datetime_last_try": "2024-07-29T07:47:03.647Z",
      "attempt_status": "Successfully",
      "response_mail_server": "",
      "mailing": 3
    }
  },
  {
    "model": "mailing.mailingattempt",
    "pk": 35,
    "fields": {
      "datetime_last_try": "2024-07-29T07:47:04.298Z",
      "attempt_status": "Successfully",
      "response_mail_server": "",
      "mailing": 2
    }
  },
  {
    "model": "mailing.mailingattempt",
    "pk": 36,
    "fields": {
      "datetime_last_try": "2024-07-29T13:12:04.345Z",
      "attempt_status": "Successfully",
      "response_mail_server": "",
      "mailing": 6
    }
  },
  {
    "model": "mailing.mailingattempt",
    "pk": 37,
    "fields": {
      "datetime_last_try": "2024-07-29T13:12:05.149Z",
      "attempt_status": "Successfully",
      "response_mail_server": "",
      "mailing": 4
    }
  },
  {
    "model": "mailing.mailingattempt",
    "pk": 38,
    "fields": {
      "datetime_last_try": "2024-07-30T11:39:51.797Z",
      "attempt_status": "Successfully",
      "response_mail_server": "",
      "mailing": 3
    }
  },
  {
    "model": "mailing.mailingattempt",
    "pk": 39,
    "fields": {
      "datetime_last_try": "2024-08-23T19:37:02.259Z",
      "attempt_status": "Successfully",
      "response_mail_server": "",
      "mailing": 13
    }
  }
]